{
	"info": {
		"_postman_id": "443abb0b-e221-4445-b0aa-3340eeff96fe",
		"name": "SAP Gateway Demo System",
		"schema": "https://schema.getpostman.com/json/collection/v2.1.0/collection.json",
		"_exporter_id": "228851",
		"_collection_link": "https://blue-spaceship-343355.postman.co/workspace/SAP-Integration-Suite~15bdd020-433d-4e74-923e-b86791ad2745/collection/228851-443abb0b-e221-4445-b0aa-3340eeff96fe?action=share&creator=228851&source=collection_link"
	},
	"item": [
		{
			"name": "Product HT-1000",
			"request": {
				"auth": {
					"type": "basic",
					"basic": [
						{
							"key": "password",
							"value": "{{password}}",
							"type": "string"
						},
						{
							"key": "username",
							"value": "{{username}}",
							"type": "string"
						}
					]
				},
				"method": "GET",
				"header": [],
				"url": {
					"raw": "https://sapes5.sapdevcenter.com/sap/opu/odata/iwbep/GWSAMPLE_BASIC/ProductSet('HT-1000')?$format=json",
					"protocol": "https",
					"host": [
						"sapes5",
						"sapdevcenter",
						"com"
					],
					"path": [
						"sap",
						"opu",
						"odata",
						"iwbep",
						"GWSAMPLE_BASIC",
						"ProductSet('HT-1000')"
					],
					"query": [
						{
							"key": "$format",
							"value": "json"
						}
					]
				}
			},
			"response": []
		},
		{
			"name": "Sales Orders count HT-1000",
			"request": {
				"auth": {
					"type": "basic",
					"basic": [
						{
							"key": "username",
							"value": "{{username}}",
							"type": "string"
						},
						{
							"key": "password",
							"value": "{{password}}",
							"type": "string"
						}
					]
				},
				"method": "GET",
				"header": [],
				"url": {
					"raw": "https://sapes5.sapdevcenter.com/sap/opu/odata/iwbep/GWSAMPLE_BASIC/ProductSet('HT-1000')/ToSalesOrderLineItems/$count",
					"protocol": "https",
					"host": [
						"sapes5",
						"sapdevcenter",
						"com"
					],
					"path": [
						"sap",
						"opu",
						"odata",
						"iwbep",
						"GWSAMPLE_BASIC",
						"ProductSet('HT-1000')",
						"ToSalesOrderLineItems",
						"$count"
					]
				}
			},
			"response": []
		},
		{
			"name": "Sales Order ID and Item Position HT-1000",
			"request": {
				"auth": {
					"type": "basic",
					"basic": [
						{
							"key": "username",
							"value": "{{username}}",
							"type": "string"
						},
						{
							"key": "password",
							"value": "{{password}}",
							"type": "string"
						}
					]
				},
				"method": "GET",
				"header": [],
				"url": {
					"raw": "https://sapes5.sapdevcenter.com/sap/opu/odata/iwbep/GWSAMPLE_BASIC/ProductSet('HT-1000')/ToSalesOrderLineItems",
					"protocol": "https",
					"host": [
						"sapes5",
						"sapdevcenter",
						"com"
					],
					"path": [
						"sap",
						"opu",
						"odata",
						"iwbep",
						"GWSAMPLE_BASIC",
						"ProductSet('HT-1000')",
						"ToSalesOrderLineItems"
					]
				}
			},
			"response": []
		},
		{
			"name": "Find Customer ID",
			"request": {
				"auth": {
					"type": "basic",
					"basic": [
						{
							"key": "username",
							"value": "{{username}}",
							"type": "string"
						},
						{
							"key": "password",
							"value": "{{password}}",
							"type": "string"
						}
					]
				},
				"method": "GET",
				"header": [],
				"url": {
					"raw": "https://sapes5.sapdevcenter.com/sap/opu/odata/iwbep/GWSAMPLE_BASIC/SalesOrderLineItemSet(SalesOrderID='0500000001',ItemPosition='0000000070')/ToHeader?$format=json",
					"protocol": "https",
					"host": [
						"sapes5",
						"sapdevcenter",
						"com"
					],
					"path": [
						"sap",
						"opu",
						"odata",
						"iwbep",
						"GWSAMPLE_BASIC",
						"SalesOrderLineItemSet(SalesOrderID='0500000001',ItemPosition='0000000070')",
						"ToHeader"
					],
					"query": [
						{
							"key": "$format",
							"value": "json"
						}
					]
				}
			},
			"response": []
		},
		{
			"name": "Find Customer Address",
			"request": {
				"auth": {
					"type": "basic",
					"basic": [
						{
							"key": "username",
							"value": "{{username}}",
							"type": "string"
						},
						{
							"key": "password",
							"value": "{{password}}",
							"type": "string"
						}
					]
				},
				"method": "GET",
				"header": [],
				"url": {
					"raw": "https://sapes5.sapdevcenter.com/sap/opu/odata/iwbep/GWSAMPLE_BASIC/SalesOrderSet('0500000001')/ToBusinessPartner?$format=json",
					"protocol": "https",
					"host": [
						"sapes5",
						"sapdevcenter",
						"com"
					],
					"path": [
						"sap",
						"opu",
						"odata",
						"iwbep",
						"GWSAMPLE_BASIC",
						"SalesOrderSet('0500000001')",
						"ToBusinessPartner"
					],
					"query": [
						{
							"key": "$format",
							"value": "json"
						}
					]
				}
			},
			"response": []
		},
		{
			"name": "SOAP Inbound request",
			"request": {
				"auth": {
					"type": "basic",
					"basic": [
						{
							"key": "password",
							"value": "{{sappassword}}",
							"type": "string"
						},
						{
							"key": "username",
							"value": "{{sapid}}",
							"type": "string"
						}
					]
				},
				"method": "POST",
				"header": [],
				"body": {
					"mode": "raw",
					"raw": "<soapenv:Envelope xmlns:soapenv=\"http://schemas.xmlsoap.org/soap/envelope/\">\r\n <soapenv:Header/>\r\n <soapenv:Body>\r\n <List>\r\n <Product>\r\n <ProductID>HT-1000</ProductID>\r\n </Product>\r\n <Product>\r\n <ProductID>HT-1020</ProductID>\r\n </Product>\r\n <Product>\r\n <ProductID>HT-1035</ProductID>\r\n </Product>\r\n </List>\r\n </soapenv:Body>\r\n</soapenv:Envelope>",
					"options": {
						"raw": {
							"language": "xml"
						}
					}
				},
				"url": {
					"raw": "{{baseURL}}cxf/send/message",
					"host": [
						"{{baseURL}}cxf"
					],
					"path": [
						"send",
						"message"
					]
				}
			},
			"response": []
		},
		{
			"name": "My First iFlow",
			"request": {
				"auth": {
					"type": "basic",
					"basic": [
						{
							"key": "password",
							"value": "{{sappassword}}",
							"type": "string"
						},
						{
							"key": "username",
							"value": "{{sapid}}",
							"type": "string"
						}
					]
				},
				"method": "GET",
				"header": [],
				"url": {
					"raw": "{{baseURL}}http/Products",
					"host": [
						"{{baseURL}}http"
					],
					"path": [
						"Products"
					]
				}
			},
			"response": []
		},
		{
			"name": "My Second iFlow",
			"request": {
				"method": "GET",
				"header": [],
				"url": {
					"raw": "{{baseURL}}http/Products2",
					"host": [
						"{{baseURL}}http"
					],
					"path": [
						"Products2"
					]
				}
			},
			"response": []
		},
		{
			"name": "My Third iFlow",
			"protocolProfileBehavior": {
				"disableBodyPruning": true
			},
			"request": {
				"method": "GET",
				"header": [
					{
						"key": "id",
						"value": "4",
						"type": "text"
					}
				],
				"body": {
					"mode": "raw",
					"raw": "",
					"options": {
						"raw": {
							"language": "json"
						}
					}
				},
				"url": {
					"raw": "{{baseURL}}http/Products3?id=3",
					"host": [
						"{{baseURL}}http"
					],
					"path": [
						"Products3"
					],
					"query": [
						{
							"key": "id",
							"value": "3"
						}
					]
				}
			},
			"response": []
		}
	],
	"auth": {
		"type": "basic",
		"basic": [
			{
				"key": "password",
				"value": "{{sappassword}}",
				"type": "string"
			},
			{
				"key": "username",
				"value": "{{sapid}}",
				"type": "string"
			}
		]
	},
	"event": [
		{
			"listen": "prerequest",
			"script": {
				"type": "text/javascript",
				"exec": [
					""
				]
			}
		},
		{
			"listen": "test",
			"script": {
				"type": "text/javascript",
				"exec": [
					""
				]
			}
		}
	]
}