<?xml version="1.0"?>
<?xml-stylesheet type="text/xml" href="bookstore.xsl" version="3.0"?>
<bookstore>

   <book id="101" category="cooking">
      <title lang="en">Everyday Italian</title>
      <author>Giada De Laurentiis</author>
      <year>2005</year>
      <price>30.00</price>
   </book>

   <book id="102" category="children">
      <title lang="en">Harry Potter</title>
      <author>J K. Rowling</author>
      <year>2005</year>
      <price>29.99</price>
   </book>

   <book id="103" category="web">
      <title lang="de">XQuery Kick Start</title>
      <author>James McGovern</author>
      <author>Per Bothner</author>
      <author>Kurt Cagle</author>
      <author>James Linn</author>
      <author>Vaidyanathan Nagarajan</author>
      <year>2003</year>
      <price>49.99</price>
   </book> 

   <author>Milton</author>

</bookstore>