<feed xmlns="http://www.w3.org/2005/Atom"
    xmlns:m="http://schemas.microsoft.com/ado/2007/08/dataservices/metadata"
    xmlns:d="http://schemas.microsoft.com/ado/2007/08/dataservices" xml:base="https://sapes5.sapdevcenter.com/sap/opu/odata/iwbep/GWSAMPLE_BASIC/">
    <id>https://sapes5.sapdevcenter.com/sap/opu/odata/iwbep/GWSAMPLE_BASIC/ProductSet('HT-1035')/ToSalesOrderLineItems</id>
    <title type="text">SalesOrderLineItemSet</title>
    <updated>2023-06-03T11:54:12Z</updated>
    <author>
        <name/>
    </author>
    <link href="ProductSet('HT-1035')/ToSalesOrderLineItems" rel="self" title="SalesOrderLineItemSet"/>
    <entry>
        <id>https://sapes5.sapdevcenter.com/sap/opu/odata/iwbep/GWSAMPLE_BASIC/SalesOrderLineItemSet(SalesOrderID='0500000001',ItemPosition='0000000040')</id>
        <title type="text">SalesOrderLineItemSet(SalesOrderID='0500000001',ItemPosition='0000000040')</title>
        <updated>2023-06-03T11:54:12Z</updated>
        <category term="GWSAMPLE_BASIC.SalesOrderLineItem" scheme="http://schemas.microsoft.com/ado/2007/08/dataservices/scheme"/>
        <link href="SalesOrderLineItemSet(SalesOrderID='0500000001',ItemPosition='0000000040')" rel="edit" title="SalesOrderLineItem"/>
        <content type="application/xml">
            <m:properties xmlns:m="http://schemas.microsoft.com/ado/2007/08/dataservices/metadata"
                xmlns:d="http://schemas.microsoft.com/ado/2007/08/dataservices">
                <d:SalesOrderID>0500000001</d:SalesOrderID>
                <d:ItemPosition>0000000040</d:ItemPosition>
                <d:DeliveryDate>2018-01-07T23:00:00.0000000</d:DeliveryDate>
            </m:properties>
        </content>
    </entry>
    <entry>
        <id>https://sapes5.sapdevcenter.com/sap/opu/odata/iwbep/GWSAMPLE_BASIC/SalesOrderLineItemSet(SalesOrderID='0500000007',ItemPosition='0000000040')</id>
        <title type="text">SalesOrderLineItemSet(SalesOrderID='0500000007',ItemPosition='0000000040')</title>
        <updated>2023-06-03T11:54:12Z</updated>
        <category term="GWSAMPLE_BASIC.SalesOrderLineItem" scheme="http://schemas.microsoft.com/ado/2007/08/dataservices/scheme"/>
        <link href="SalesOrderLineItemSet(SalesOrderID='0500000007',ItemPosition='0000000040')" rel="edit" title="SalesOrderLineItem"/>
        <content type="application/xml">
            <m:properties xmlns:m="http://schemas.microsoft.com/ado/2007/08/dataservices/metadata"
                xmlns:d="http://schemas.microsoft.com/ado/2007/08/dataservices">
                <d:SalesOrderID>0500000007</d:SalesOrderID>
                <d:ItemPosition>0000000040</d:ItemPosition>
                <d:DeliveryDate>2018-01-08T23:00:00.0000000</d:DeliveryDate>
            </m:properties>
        </content>
    </entry>
</feed>